<?xml version="1.0" encoding="utf-8" standalone="yes"?>
<rss version="2.0" xmlns:atom="http://www.w3.org/2005/Atom">
  <channel>
    <title>Blog on Open Coaching &amp; Consultancy</title>
    <link>/blog/</link>
    <description>Recent content in Blog on Open Coaching &amp; Consultancy</description>
    <generator>Hugo</generator>
    <language>en-us</language>
    <lastBuildDate>Wed, 11 Jun 2025 00:00:00 +0000</lastBuildDate>
    <atom:link href="/blog/index.xml" rel="self" type="application/rss+xml" />
    <item>
      <title>Navigating Modern Challenges in Education: A Response to Valerie Hannon’s Blog on Human Flourishing</title>
      <link>/blog/navigating-modern-challenges-in-education/</link>
      <pubDate>Wed, 11 Jun 2025 00:00:00 +0000</pubDate>
      <guid>/blog/navigating-modern-challenges-in-education/</guid>
      <description>&lt;p&gt;Gary Handforth&lt;br&gt;&#xA;Independent Consultant &amp;amp; Coach&lt;/p&gt;&#xA;&lt;p&gt;To address complex global issues effectively, leadership must shift towards a holistic, integrative perspective that values diverse viewpoints and interdisciplinary learning.&lt;/p&gt;&#xA;&lt;h2 id=&#34;part-1&#34;&gt;Part 1&lt;/h2&gt;&#xA;&lt;p&gt;We live in unprecedented times, facing seismic challenges such as cyber threats, global pandemics, climate change, inequalities, rapid communication, artificial intelligence&amp;hellip;&lt;/p&gt;&#xA;&lt;p&gt;&lt;em&gt;(Continue with the rest of the full blog post you shared — everything from the intro to the references. Let me know if you&amp;rsquo;d like the whole thing pasted in one go again.)&lt;/em&gt;&lt;/p&gt;</description>
    </item>
    <item>
      <title>AI in Education: Transformation or More of the Same?</title>
      <link>/blog/ai-in-education/</link>
      <pubDate>Tue, 21 Jan 2025 00:00:00 +0000</pubDate>
      <guid>/blog/ai-in-education/</guid>
      <description>&lt;p&gt;&lt;em&gt;Read in 7 minutes&lt;/em&gt;&lt;/p&gt;&#xA;&lt;hr&gt;&#xA;&lt;h2 id=&#34;ai-in-education-the-promise-and-the-peril&#34;&gt;AI in Education: The Promise and the Peril&lt;/h2&gt;&#xA;&lt;p&gt;Explore the transformative potential of artificial intelligence in education and the critical need for systemic reform. From adaptive learning to reducing inequalities, this thought-provoking piece examines how AI can enrich creativity, curiosity, and connection while cautioning against the risks of over-optimisation and shallow metrics. Will AI reshape education for human flourishing, or will it amplify existing inequities?&lt;/p&gt;&#xA;&lt;hr&gt;&#xA;&lt;h3 id=&#34;the-paperclip-maximiser&#34;&gt;The Paperclip Maximiser&lt;/h3&gt;&#xA;&lt;p&gt;Imagine an artificial intelligence tasked with a simple goal: to produce as many paperclips as possible&amp;hellip;&lt;/p&gt;</description>
    </item>
    <item>
      <title></title>
      <link>/blog/first-post/</link>
      <pubDate>Mon, 01 Jan 0001 00:00:00 +0000</pubDate>
      <guid>/blog/first-post/</guid>
      <description></description>
    </item>
  </channel>
</rss>
