<?xml version="1.0" encoding="utf-8" standalone="yes"?>
<rss version="2.0" xmlns:atom="http://www.w3.org/2005/Atom">
  <channel>
    <title>Open Coaching and Consultancy on Open Coaching &amp; Consultancy</title>
    <link>/</link>
    <description>Recent content in Open Coaching and Consultancy on Open Coaching &amp; Consultancy</description>
    <generator>Hugo</generator>
    <language>en-us</language>
    <lastBuildDate>Wed, 11 Jun 2025 00:00:00 +0000</lastBuildDate>
    <atom:link href="/index.xml" rel="self" type="application/rss+xml" />
    <item>
      <title>Navigating Modern Challenges in Education: A Response to Valerie Hannon’s Blog on Human Flourishing</title>
      <link>/blog/navigating-modern-challenges-in-education/</link>
      <pubDate>Wed, 11 Jun 2025 00:00:00 +0000</pubDate>
      <guid>/blog/navigating-modern-challenges-in-education/</guid>
      <description>&lt;p&gt;Gary Handforth&lt;br&gt;&#xA;Independent Consultant &amp;amp; Coach&lt;/p&gt;&#xA;&lt;p&gt;To address complex global issues effectively, leadership must shift towards a holistic, integrative perspective that values diverse viewpoints and interdisciplinary learning.&lt;/p&gt;&#xA;&lt;h2 id=&#34;part-1&#34;&gt;Part 1&lt;/h2&gt;&#xA;&lt;p&gt;We live in unprecedented times, facing seismic challenges such as cyber threats, global pandemics, climate change, inequalities, rapid communication, artificial intelligence&amp;hellip;&lt;/p&gt;&#xA;&lt;p&gt;&lt;em&gt;(Continue with the rest of the full blog post you shared — everything from the intro to the references. Let me know if you&amp;rsquo;d like the whole thing pasted in one go again.)&lt;/em&gt;&lt;/p&gt;</description>
    </item>
    <item>
      <title>AI in Education: Transformation or More of the Same?</title>
      <link>/blog/ai-in-education/</link>
      <pubDate>Tue, 21 Jan 2025 00:00:00 +0000</pubDate>
      <guid>/blog/ai-in-education/</guid>
      <description>&lt;p&gt;&lt;em&gt;Read in 7 minutes&lt;/em&gt;&lt;/p&gt;&#xA;&lt;hr&gt;&#xA;&lt;h2 id=&#34;ai-in-education-the-promise-and-the-peril&#34;&gt;AI in Education: The Promise and the Peril&lt;/h2&gt;&#xA;&lt;p&gt;Explore the transformative potential of artificial intelligence in education and the critical need for systemic reform. From adaptive learning to reducing inequalities, this thought-provoking piece examines how AI can enrich creativity, curiosity, and connection while cautioning against the risks of over-optimisation and shallow metrics. Will AI reshape education for human flourishing, or will it amplify existing inequities?&lt;/p&gt;&#xA;&lt;hr&gt;&#xA;&lt;h3 id=&#34;the-paperclip-maximiser&#34;&gt;The Paperclip Maximiser&lt;/h3&gt;&#xA;&lt;p&gt;Imagine an artificial intelligence tasked with a simple goal: to produce as many paperclips as possible&amp;hellip;&lt;/p&gt;</description>
    </item>
    <item>
      <title></title>
      <link>/blog/first-post/</link>
      <pubDate>Mon, 01 Jan 0001 00:00:00 +0000</pubDate>
      <guid>/blog/first-post/</guid>
      <description></description>
    </item>
    <item>
      <title>About Me</title>
      <link>/about/</link>
      <pubDate>Mon, 01 Jan 0001 00:00:00 +0000</pubDate>
      <guid>/about/</guid>
      <description>&lt;h2 id=&#34;about-me&#34;&gt;About Me&lt;/h2&gt;&#xA;&lt;p&gt;I&amp;rsquo;m Gary Handforth — a leadership coach, strategist, and educational consultant with over two decades of experience shaping schools and systems to better serve learners and communities.&lt;/p&gt;&#xA;&lt;p&gt;My approach is rooted in openness, reflection, and connection. I don’t bring off-the-shelf answers. Instead, I work with you to uncover new perspectives, challenge assumptions, and build clarity in complexity. Whether supporting a school leadership team, designing a coaching culture, or exploring AI’s role in decision-making, I aim to provoke meaningful, grounded change.&lt;/p&gt;</description>
    </item>
    <item>
      <title>Services</title>
      <link>/services/</link>
      <pubDate>Mon, 01 Jan 0001 00:00:00 +0000</pubDate>
      <guid>/services/</guid>
      <description>&lt;p&gt;&lt;em&gt;Open Coaching and Consultancy offers tailored support for people and organisations navigating complexity, change, and growth.&lt;/em&gt;&lt;/p&gt;&#xA;&lt;hr&gt;&#xA;&lt;h2 id=&#34;-11-coaching-for-growth&#34;&gt;🌱 1:1 Coaching for Growth&lt;/h2&gt;&#xA;&lt;p&gt;Reflective sessions that unlock clarity, intention, and purpose.&lt;br&gt;&#xA;&lt;em&gt;Ideal for leaders, creatives, or anyone seeking deeper insight into their work or direction.&lt;/em&gt;&lt;/p&gt;&#xA;&lt;hr&gt;&#xA;&lt;h2 id=&#34;-team-development&#34;&gt;🌀 Team Development&lt;/h2&gt;&#xA;&lt;p&gt;Dialogue-based facilitation to strengthen relationships, emotional intelligence, and collaborative capacity.&lt;br&gt;&#xA;&lt;em&gt;Because thriving teams think together — not just work together.&lt;/em&gt;&lt;/p&gt;&#xA;&lt;hr&gt;&#xA;&lt;h2 id=&#34;-leadership-development&#34;&gt;🧭 Leadership Development&lt;/h2&gt;&#xA;&lt;p&gt;Programmes focused on values-led, adaptive, and embodied leadership.&lt;br&gt;&#xA;&lt;em&gt;For those who want to lead without losing their humanity.&lt;/em&gt;&lt;/p&gt;</description>
    </item>
  </channel>
</rss>
